RowId,prediction
1,abc
2,abc
3,abc
4,abc
5,abc
6,abc
7,abc
8,abc
9,abc
10,abc
11,abc
12,abc
13,abc
14,abc
15,abc
16,abc
17,abc
18,abc
19,abc
20,abc
21,abc
22,abc
23,abc
24,abc
25,abc
26,abc
27,abc
28,abc
29,abc
30,abc
31,abc
32,abc
33,abc
34,abc
35,abc
36,abc
37,abc
38,abc
39,abc
40,abc
41,abc
42,abc
43,abc
44,abc
45,abc
46,abc
47,abc
48,abc
49,abc
50,abc
51,abc
52,abc
53,abc
54,abc
55,abc
56,abc
57,abc
58,abc
59,abc
60,abc
61,abc
62,abc
63,abc
64,abc
65,abc
66,abc
67,abc
68,abc
69,abc
70,abc
71,abc
72,abc
73,abc
74,abc
75,abc
76,abc
77,abc
78,abc
79,abc
80,abc
81,abc
82,abc
83,abc
84,abc
85,abc
86,abc
87,abc
88,abc
89,abc
90,abc
91,abc
92,abc
93,abc
94,abc
95,abc
96,abc
97,abc
98,abc
99,abc
100,abc
101,abc
102,abc
103,abc
104,abc
105,abc
106,abc
107,abc
108,abc
109,abc
110,abc
111,abc
112,abc
113,abc
114,abc
115,abc
116,abc
117,abc
118,abc
119,abc
120,abc
121,abc
122,abc
123,abc
124,abc
125,abc
126,abc
127,abc
128,abc
129,abc
130,abc
131,abc
132,abc
133,abc
134,abc
135,abc
136,abc
137,abc
138,abc
139,abc
140,abc
141,abc
142,abc
143,abc
144,abc
145,abc
146,abc
147,abc
148,abc
149,abc
150,abc
151,abc
152,abc
153,abc
154,abc
155,abc
156,abc
157,abc
158,abc
159,abc
160,abc
161,abc
162,abc
163,abc
164,abc
165,abc
166,abc
167,abc
168,abc
169,abc
170,abc
171,abc
172,abc
173,abc
174,abc
175,abc
176,abc
177,abc
178,abc
179,abc
180,abc
181,abc
182,abc
183,abc
184,abc
185,abc
186,abc
187,abc
188,abc
189,abc
190,abc
191,abc
192,abc
193,abc
194,abc
195,abc
196,abc
197,abc
198,abc
199,abc
200,abc
201,abc
202,abc
203,abc
204,abc
205,abc
206,abc
207,abc
208,abc
209,abc
210,abc
211,abc
212,abc
213,abc
214,abc
215,abc
216,abc
217,abc
218,abc
219,abc
220,abc
221,abc
222,abc
223,abc
224,abc
225,abc
226,abc
227,abc
228,abc
229,abc
230,abc
231,abc
232,abc
233,abc
234,abc
235,abc
236,abc
237,abc
238,abc
239,abc
240,abc
241,abc
242,abc
243,abc
244,abc
245,abc
246,abc
247,abc
248,abc
249,abc
250,abc
251,abc
252,abc
253,abc
254,abc
255,abc
256,abc
257,abc
258,abc
259,abc
260,abc
261,abc
262,abc
263,abc
264,abc
265,abc
266,abc
267,abc
268,abc
269,abc
270,abc
271,abc
272,abc
273,abc
274,abc
275,abc
276,abc
277,abc
278,abc
279,abc
280,abc
281,abc
282,abc
283,abc
284,abc
285,abc
286,abc
287,abc
288,abc
289,abc
290,abc
291,abc
292,abc
293,abc
294,abc
295,abc
296,abc
297,abc
298,abc
299,abc
300,abc
301,abc
302,abc
303,abc
304,abc
305,abc
306,abc
307,abc
308,abc
309,abc
310,abc
311,abc
312,abc
313,abc
314,abc
315,abc
316,abc
317,abc
318,abc
319,abc
320,abc
321,abc
322,abc
323,abc
324,abc
